Title;Author;Genre;Pages
1984; George Orwell; Dystopia;328
A Clockwork Orange; Anthony Burgess; Dystopia;213
A Tale of Two Cities; Charles Dickens; Historical fiction;448
Angels and Demons; Dan Brown; Thriller;496
Animal Farm; George Orwell; Political satire;112
Brave New World; Aldous Huxley; Science fiction;311
Carrie; Stephen King; Horror;199
Catch-22; Joseph Heller; War novel;453
Crime and Punishment; Fyodor Dostoevsky; Psychological horror;671
Dracula; Bram Stoker; Gothic fiction;418
Ett litet liv;Hanya Yanagihara;Roman;720
Fahrenheit 451; Ray Bradbury; Dystopia;174
Frankenstein; Mary Shelley; Gothic fiction;280
Gone Girl; Gillian Flynn; Mystery;432
It; Stephen King; Horror;1116
Jane Eyre; Charlotte Bronte; Bildungsroman ;624
Les Miserables; Victor Hugo; Historical novel;1463
Love in the Time of Cholera; Gabriel Garcia Marquez; Romance;348
Memoirs of a Geisha; Arthur Golden; Historical fiction;448
Misery; Stephen King; Psychological horror;310
Momo;Michael Ende; Fantasy;239
One Hundred Years of Solitude; Gabriel Garcia Marquez; Magic realism;417
Pride and Prejudice; Jane Austen; Romance;432
The Adventures of Huckleberry Finn; Mark Twain; Adventure;366
The Alchemist; Paulo Coelho; Fiction;197
The Bell Jar; Sylvia Plath; Bildungsroman ;288
The Catcher in the Rye; J.D. Salinger; Classic Fiction;224
The Count of Monte Cristo; Alexandre Dumas; Historical novel;1200
The Da Vinci Code; Dan Brown; Thriller;454
The Girl with the Dragon Tattoo; Stieg Larsson; Mystery;672
The Great Gatsby; F. Scott Fitzgerald; Drama;180
The Hitchhiker's Guide to the Galaxy; Douglas Adams; Science fiction;215
The Hobbit; J.R.R. Tolkien; Fantasy;310
The Hunger Games; Suzanne Collins; Science fiction;374
The Kite Runner; Khaled Hosseini; Historical fiction;372
The Lord of the Rings; J.R.R. Tolkien;Fantasy;1178
The Lovely Bones; Alice Sebold; Drama;328
The Martian; Andy Weir; Science fiction;384
The Name of the Rose;Umberto Eco; Historical fiction;536
The Old Man and the Sea; Ernest Hemingway; Novel;127
The Picture of Dorian Gray; Oscar Wilde; Gothic fiction;194
The Road; Cormac McCarthy; Dystopia;256
The Shining; Stephen King; Horror;447
The Stand; Stephen King; Horror;1153
The Sun Also Rises; Ernest Hemingway; Novel;251
The Time Machine; H.G. Wells; Science fiction;118
The War of the Worlds; H.G. Wells; Science fiction;210
To Kill a Mockingbird; Harper Lee; Fiction;281
To the Lighthouse;Virginia Woolf;Fiction;209
Wuthering Heights; Emily Bronte; Gothic fiction;354
